<ImportExportXml version="8.2.0000.0749" SolutionPackageVersion="8.2" languagecode="1033" generatedBy="OnPremise" xmlns:xsi="http://www.w3.org/2001/XMLSchema-instance">
  <SolutionManifest>
    <UniqueName>TestComponents</UniqueName>
    <LocalizedNames>
      <LocalizedName description="Test Components" languagecode="1033" />
    </LocalizedNames>
    <Descriptions />
    <Version>3.0.0.0</Version>
    <Managed>0</Managed>
    <Publisher>
      <UniqueName>josephmcgregor</UniqueName>
      <LocalizedNames>
        <LocalizedName description="Joseph McGregor" languagecode="1033" />
      </LocalizedNames>
      <Descriptions />
      <EMailAddress xsi:nil="true"></EMailAddress>
      <SupportingWebsiteUrl xsi:nil="true"></SupportingWebsiteUrl>
      <CustomizationPrefix>jmcg</CustomizationPrefix>
      <CustomizationOptionValuePrefix>32841</CustomizationOptionValuePrefix>
      <Addresses>
        <Address>
          <AddressNumber>1</AddressNumber>
          <AddressTypeCode>1</AddressTypeCode>
          <City xsi:nil="true"></City>
          <County xsi:nil="true"></County>
          <Country xsi:nil="true"></Country>
          <Fax xsi:nil="true"></Fax>
          <FreightTermsCode xsi:nil="true"></FreightTermsCode>
          <ImportSequenceNumber xsi:nil="true"></ImportSequenceNumber>
          <Latitude xsi:nil="true"></Latitude>
          <Line1 xsi:nil="true"></Line1>
          <Line2 xsi:nil="true"></Line2>
          <Line3 xsi:nil="true"></Line3>
          <Longitude xsi:nil="true"></Longitude>
          <Name xsi:nil="true"></Name>
          <PostalCode xsi:nil="true"></PostalCode>
          <PostOfficeBox xsi:nil="true"></PostOfficeBox>
          <PrimaryContactName xsi:nil="true"></PrimaryContactName>
          <ShippingMethodCode>1</ShippingMethodCode>
          <StateOrProvince xsi:nil="true"></StateOrProvince>
          <Telephone1 xsi:nil="true"></Telephone1>
          <Telephone2 xsi:nil="true"></Telephone2>
          <Telephone3 xsi:nil="true"></Telephone3>
          <TimeZoneRuleVersionNumber xsi:nil="true"></TimeZoneRuleVersionNumber>
          <UPSZone xsi:nil="true"></UPSZone>
          <UTCOffset xsi:nil="true"></UTCOffset>
          <UTCConversionTimeZoneCode xsi:nil="true"></UTCConversionTimeZoneCode>
        </Address>
        <Address>
          <AddressNumber>2</AddressNumber>
          <AddressTypeCode>1</AddressTypeCode>
          <City xsi:nil="true"></City>
          <County xsi:nil="true"></County>
          <Country xsi:nil="true"></Country>
          <Fax xsi:nil="true"></Fax>
          <FreightTermsCode xsi:nil="true"></FreightTermsCode>
          <ImportSequenceNumber xsi:nil="true"></ImportSequenceNumber>
          <Latitude xsi:nil="true"></Latitude>
          <Line1 xsi:nil="true"></Line1>
          <Line2 xsi:nil="true"></Line2>
          <Line3 xsi:nil="true"></Line3>
          <Longitude xsi:nil="true"></Longitude>
          <Name xsi:nil="true"></Name>
          <PostalCode xsi:nil="true"></PostalCode>
          <PostOfficeBox xsi:nil="true"></PostOfficeBox>
          <PrimaryContactName xsi:nil="true"></PrimaryContactName>
          <ShippingMethodCode>1</ShippingMethodCode>
          <StateOrProvince xsi:nil="true"></StateOrProvince>
          <Telephone1 xsi:nil="true"></Telephone1>
          <Telephone2 xsi:nil="true"></Telephone2>
          <Telephone3 xsi:nil="true"></Telephone3>
          <TimeZoneRuleVersionNumber xsi:nil="true"></TimeZoneRuleVersionNumber>
          <UPSZone xsi:nil="true"></UPSZone>
          <UTCOffset xsi:nil="true"></UTCOffset>
          <UTCConversionTimeZoneCode xsi:nil="true"></UTCConversionTimeZoneCode>
        </Address>
      </Addresses>
    </Publisher>
    <RootComponents>
      <RootComponent type="1" schemaName="account" behavior="0" />
      <RootComponent type="1" schemaName="adx_contentaccesslevel" behavior="0" />
      <RootComponent type="1" schemaName="adx_contentsnippet" behavior="0" />
      <RootComponent type="1" schemaName="adx_entityform" behavior="0" />
      <RootComponent type="1" schemaName="adx_entityformmetadata" behavior="0" />
      <RootComponent type="1" schemaName="adx_entitylist" behavior="0" />
      <RootComponent type="1" schemaName="adx_entitypermission" behavior="0" />
      <RootComponent type="1" schemaName="adx_pagetemplate" behavior="0" />
      <RootComponent type="1" schemaName="adx_publishingstate" behavior="0" />
      <RootComponent type="1" schemaName="adx_sitemarker" behavior="0" />
      <RootComponent type="1" schemaName="adx_sitesetting" behavior="0" />
      <RootComponent type="1" schemaName="adx_webfile" behavior="0" />
      <RootComponent type="1" schemaName="adx_webform" behavior="0" />
      <RootComponent type="1" schemaName="adx_webformmetadata" behavior="0" />
      <RootComponent type="1" schemaName="adx_webformstep" behavior="0" />
      <RootComponent type="1" schemaName="adx_weblink" behavior="0" />
      <RootComponent type="1" schemaName="adx_weblinkset" behavior="0" />
      <RootComponent type="1" schemaName="adx_webpage" behavior="0" />
      <RootComponent type="1" schemaName="adx_webpageaccesscontrolrule" behavior="0" />
      <RootComponent type="1" schemaName="adx_webrole" behavior="0" />
      <RootComponent type="1" schemaName="adx_website" behavior="0" />
      <RootComponent type="1" schemaName="adx_websitelanguage" behavior="0" />
      <RootComponent type="1" schemaName="adx_webtemplate" behavior="0" />
      <RootComponent type="1" schemaName="jmcg_testentity" behavior="0" />
      <RootComponent type="1" schemaName="jmcg_testentitythree" behavior="0" />
      <RootComponent type="1" schemaName="jmcg_testentitytwo" behavior="0" />
      <RootComponent type="60" id="{15915835-b87c-49ec-9ffc-bfac3ac44ef1}" behavior="0" />
    </RootComponents>
    <MissingDependencies>
      <MissingDependency>
        <Required key="0" type="61" schemaName="msdyn_/RecordWall.htm" displayName="msdyn_/RecordWall.htm" solution="ActivityFeedsCore (8.2.0.0)" />
        <Dependent key="1" type="60" displayName="Information" parentDisplayName="Account" id="{b053a39a-041a-4356-acef-ddf00182762b}" />
      </MissingDependency>
      <MissingDependency>
        <Required key="2" type="61" schemaName="msdyn_/ActivityFeeds.Form.js" displayName="msdyn_/ActivityFeeds.Form.js" solution="ActivityFeedsCore (8.2.0.0)" />
        <Dependent key="1" type="60" displayName="Information" parentDisplayName="Account" id="{b053a39a-041a-4356-acef-ddf00182762b}" />
      </MissingDependency>
    </MissingDependencies>
  </SolutionManifest>
</ImportExportXml>