<RecordExtractSettings xmlns="http://schemas.datacontract.org/2004/07/JosephM.Xrm.RecordExtract.RecordExtract" xmlns:i="http://www.w3.org/2001/XMLSchema-instance"><AllowedRecordTypes xmlns:a="http://schemas.datacontract.org/2004/07/JosephM.Xrm.RecordExtract"/><ExtendedFieldsToExclude xmlns:a="http://schemas.datacontract.org/2004/07/JosephM.Xrm.RecordExtract"/><ExtendedRecordTypesToExclude xmlns:a="http://schemas.datacontract.org/2004/07/JosephM.Xrm.RecordExtract"/><IncludeCreatedByAndOn>false</IncludeCreatedByAndOn><IncludeCrmOwner>false</IncludeCrmOwner><IncludeModifiedByAndOn>false</IncludeModifiedByAndOn><IncludeState>false</IncludeState><IncludeStatus>false</IncludeStatus><RecordTypesOnlyDisplayName xmlns:a="http://schemas.datacontract.org/2004/07/JosephM.Xrm.RecordExtract"/><StringValuesToExclude xmlns:a="http://schemas.microsoft.com/2003/10/Serialization/Arrays"/></RecordExtractSettings>
